"","","","","","","","","","","","","","",""
"Variant ID","Minor Allele","Major Allele","Reference Allele","Minor Allele Frequency","Minor Allele Count","Major Allele Count","Effect","P-Value","FlyBase ID Gene 1","Gene 1 Symbol","Gene 1 Site Class","FlyBase ID Gene 2","Gene 2 Symbol","Gene 2 Site Class"
"3R_11290385_SNP","T","C","C","0.1489","28","160","-8.606999999999999","1.01593063412649E-8","FBgn0038341","CG14869","INTRON","","",""
"3L_14313095_SNP","G","T","T","0.07732","15","179","-10.88","3.65706693959839E-8","FBgn0001085","fz","INTRON","","",""
"3L_9132740_SNP","A","G","G","0.08205","16","179","-10.29","8.137067343396609E-8","FBgn0263456","nwk","INTRON","","",""
"3L_10922119_SNP","C","T","C","0.3368","64","126","-5.814","2.92705421346817E-7","> 1 kb from gene","> 1 kb from gene","> 1 kb from gene","","",""
"2R_19449384_SNP","T","C","C","0.05181","10","183","-12.17","3.48771356644152E-7","FBgn0015277","Pi3K59F","SYNONYMOUS_CODING","","",""
"3L_10922120_SNP","T","A","T","0.3333","64","128","-5.685","5.13087762489889E-7","> 1 kb from gene","> 1 kb from gene","> 1 kb from gene","","",""
"2R_11962081_SNP","A","G","G","0.05641","11","184","-11.36","6.59547637984977E-7","> 1 kb from gene","> 1 kb from gene","> 1 kb from gene","","",""
"2L_15833311_SNP","T","C","C","0.07216","14","180","-10.09","8.89352109674359E-7","> 1 kb from gene","> 1 kb from gene","> 1 kb from gene","","",""
"2L_15833340_SNP","T","C","C","0.07692","15","180","-9.702","1.07371766659741E-6","> 1 kb from gene","> 1 kb from gene","> 1 kb from gene","","",""
"X_3713529_SNP","A","G","G","0.2941","55","132","-5.788","1.08506221205407E-6","FBgn0000542","ec","INTRON","FBgn0052785","tRNA:CR32785","203 bp UPSTREAM"
"3R_14175014_SNP","A","C","C","0.09524000000000001","18","171","-8.914999999999999","1.11827618742544E-6","FBgn0038606","CG15803","INTRON","","",""
"3L_18216753_SNP","A","C","C","0.1263","24","166","-7.791","1.38500610967623E-6","> 1 kb from gene","> 1 kb from gene","> 1 kb from gene","","",""
"3L_8159416_SNP","C","A","A","0.07104000000000001","13","170","-10.26","1.41273909354711E-6","FBgn0035845","CG13675","798 bp UPSTREAM","","",""
"3L_18216755_SNP","C","T","T","0.1263","24","166","-7.756","1.53917291617418E-6","> 1 kb from gene","> 1 kb from gene","> 1 kb from gene","","",""
"3L_9999978_SNP","C","G","G","0.08763","17","177","-9.013","1.59662696960646E-6","FBgn0040823","dpr6","INTRON","","",""
"2R_16967555_SNP","G","A","A","0.05294","9","161","-12.14","1.62189514232085E-6","FBgn0003748","Treh","INTRON","","",""
"X_16094420_SNP","T","C","C","0.06666999999999999","13","182","-10.19","1.67010608267383E-6","> 1 kb from gene","> 1 kb from gene","> 1 kb from gene","","",""
"3L_17092543_SNP","A","G","G","0.06077","11","170","-10.98","1.90072867863234E-6","FBgn0260943","Rbp6","INTRON","","",""
"3L_9132734_DEL","G","GG","GG","0.08122","16","181","-9.222","1.9107354097187E-6","FBgn0263456","nwk","INTRON","","",""
"2L_20513527_SNP","C","G","G","0.1895","36","154","-6.475","2.29882651816673E-6","> 1 kb from gene","> 1 kb from gene","> 1 kb from gene","","",""
"3L_13779041_DEL","G","GCAG","GCAG","0.227","42","143","-6.151","2.30351201630624E-6","FBgn0264001","bru-3","INTRON","","",""
"2R_2919411_SNP","T","C","T","0.1979","38","154","-6.316","2.40754531863505E-6","FBgn0033128","Tsp42Eg","SYNONYMOUS_CODING","","",""
"3L_18216746_SNP","T","G","G","0.1302","25","167","-7.476","2.4588896756056E-6","> 1 kb from gene","> 1 kb from gene","> 1 kb from gene","","",""
"X_21132152_SNP","T","A","T","0.05128","10","185","-11.32","2.55146764568126E-6","FBgn0052521","CG32521","INTRON","","",""
"2L_15833103_SNP","G","A","A","0.08205","16","179","-9.099","2.58653931963478E-6","> 1 kb from gene","> 1 kb from gene","> 1 kb from gene","","",""
"3L_18216750_SNP","T","A","A","0.1309","25","166","-7.449","2.71005281518488E-6","> 1 kb from gene","> 1 kb from gene","> 1 kb from gene","","",""
"2R_14837253_SNP","A","G","G","0.1383","26","162","-7.302","2.71322986324297E-6","FBgn0034408","sano","INTRON","","",""
"3L_11649987_SNP","A","T","T","0.06736","13","180","-9.978","2.8491591133579E-6","FBgn0052085","CG32085","INTRON","FBgn0262437","mir-274","31 bp UPSTREAM"
"3L_9132739_SNP","C","T","T","0.08586000000000001","17","181","-8.81","2.94157413806883E-6","FBgn0263456","nwk","INTRON","","",""
"3L_10922129_DEL","TGATT","T","TGATT","0.4249","82","111","-5.05","2.96934795887724E-6","> 1 kb from gene","> 1 kb from gene","> 1 kb from gene","","",""
"2L_3607128_SNP","A","T","T","0.05618","10","168","-11.22","3.11861928100972E-6","FBgn0002985","odd","372 bp UPSTREAM","","",""
"3L_18216758_SNP","G","T","T","0.133","25","163","-7.401","3.26424133407311E-6","> 1 kb from gene","> 1 kb from gene","> 1 kb from gene","","",""
"2L_7753532_SNP","C","G","C","0.2935","54","130","-5.591","3.27484902593047E-6","FBgn0031942","CG7203","376 bp UPSTREAM","FBgn0031944","CG7196","659 bp UPSTREAM"
"X_13376554_SNP","A","G","G","0.06122","12","184","-10.26","3.47879438662285E-6","FBgn0265416","Neto","INTRON","","",""
"3L_7868899_SNP","A","T","T","0.06061","12","186","-10.2","3.99436109598615E-6","FBgn0052365","CG32365","INTRON","","",""
"3R_14175017_SNP","T","A","A","0.1011","19","169","-8.265000000000001","4.12404335017795E-6","FBgn0038606","CG15803","INTRON","","",""
"3L_18216713_SNP","G","A","A","0.1444","26","154","-7.21","4.42466255984678E-6","> 1 kb from gene","> 1 kb from gene","> 1 kb from gene","","",""
"2L_13399812_SNP","A","G","G","0.06154","12","183","-10.1","4.68433047748109E-6","FBgn0032521","CG7110","INTRON","","",""
"2L_7753530_SNP","A","T","A","0.2888","54","133","-5.477","4.90160833914704E-6","FBgn0031942","CG7203","374 bp UPSTREAM","FBgn0031944","CG7196","661 bp UPSTREAM"
"3R_11291926_SNP","G","C","C","0.05155","10","184","-10.99","4.91796508352425E-6","FBgn0038341","CG14869","INTRON","","",""
"2R_16967596_SNP","T","A","A","0.05882","11","176","-10.46","5.45952247733654E-6","FBgn0003748","Treh","INTRON","","",""
"3L_9132767_SNP","C","T","T","0.102","20","176","-7.974","5.58706347650748E-6","FBgn0263456","nwk","INTRON","","",""
"2R_14992284_SNP","G","C","C","0.1269","25","172","-7.212","5.68130848827076E-6","FBgn0004168","5-HT1A","INTRON","","",""
"3L_18216735_SNP","G","C","C","0.1347","26","167","-7.082","5.88582169854232E-6","> 1 kb from gene","> 1 kb from gene","> 1 kb from gene","","",""
"3L_7064537_SNP","T","G","G","0.08205","16","179","-8.802","5.94130436167453E-6","FBgn0035733","CG8641","INTRON","","",""
"3L_15028933_SNP","A","G","G","0.09783","18","166","-8.314","6.27980224476793E-6","FBgn0261090","Sytbeta","INTRON","","",""
"3L_13778968_SNP","G","A","A","0.4688","90","102","4.856","6.42709584728821E-6","FBgn0264001","bru-3","INTRON","","",""
"3L_18216668_SNP","A","G","G","0.1211","23","167","-7.438","6.4797555908878E-6","> 1 kb from gene","> 1 kb from gene","> 1 kb from gene","","",""
"3L_11649992_SNP","A","T","T","0.07179000000000001","14","181","-9.298","6.52965988105969E-6","FBgn0052085","CG32085","INTRON","FBgn0262437","mir-274","26 bp UPSTREAM"
"3L_18216702_DEL","A","AT","AT","0.1354","26","166","-7.051","6.56388948182193E-6","> 1 kb from gene","> 1 kb from gene","> 1 kb from gene","","",""
"3L_18216709_SNP","A","G","G","0.1354","26","166","-7.051","6.56388948182193E-6","> 1 kb from gene","> 1 kb from gene","> 1 kb from gene","","",""
"3L_18216710_INS","GCTTAAAC","G","G","0.1354","26","166","-7.051","6.56388948182193E-6","> 1 kb from gene","> 1 kb from gene","> 1 kb from gene","","",""
"3L_7306515_DEL","T","TT","TT","0.07222000000000001","13","167","-9.651","6.86662282396527E-6","FBgn0035756","unc-13-4A","520 bp UPSTREAM","","",""
"3L_12434657_SNP","G","T","G","0.3737","71","119","5.002","7.22943179667102E-6","> 1 kb from gene","> 1 kb from gene","> 1 kb from gene","","",""
"2R_2773614_SNP","T","C","C","0.06557","12","171","-9.943","7.38372041042487E-6","FBgn0033115","Spn42De","INTRON","","",""
"3L_3480279_SNP","T","C","C","0.05","10","190","-10.8","7.57068830001331E-6","FBgn0259224","CG42324","INTRON","","",""
"2L_3280667_SNP","A","C","C","0.05556","11","187","-10.3","7.59380651214747E-6","FBgn0031514","CG3332","134 bp UPSTREAM","","",""
"3L_15028934_SNP","A","T","T","0.0989","18","164","-8.247999999999999","7.60221463509451E-6","FBgn0261090","Sytbeta","INTRON","","",""
"X_15156950_INS","A","ATT","A","0.2188","42","150","-5.824","7.60915452799496E-6","> 1 kb from gene","> 1 kb from gene","> 1 kb from gene","","",""
"3R_11289681_SNP","A","G","G","0.1368","26","164","-7.045","7.72843618983547E-6","FBgn0038341","CG14869","INTRON","","",""
"2L_17378496_SNP","A","G","G","0.227","42","143","-5.801","8.02130048612948E-6","FBgn0032633","Lrch","INTRON","","",""
"3R_14032944_SNP","C","T","T","0.1823","35","157","6.208","8.327237072150029E-6","FBgn0028499","CG7985","INTRON","","",""
"3L_10922037_SNP","T","G","T","0.4074","77","112","-4.907","8.36637528981687E-6","> 1 kb from gene","> 1 kb from gene","> 1 kb from gene","","",""
"3L_12434651_SNP","G","T","G","0.3538","69","126","4.961","8.41154550984491E-6","> 1 kb from gene","> 1 kb from gene","> 1 kb from gene","","",""
"2R_1750659_SNP","G","A","G","0.1099","21","170","-7.639","8.44524086394047E-6","> 1 kb from gene","> 1 kb from gene","> 1 kb from gene","","",""
"X_11009293_SNP","T","C","C","0.05208","10","182","-10.76","8.648516791818739E-6","FBgn0030266","CG11122","SYNONYMOUS_CODING","","",""
"X_15976049_SNP","A","G","G","0.1307","26","173","-6.933","8.86348672283432E-6","FBgn0028397","Tob","INTRON","FBgn0263516","mir-4958","960 bp UPSTREAM"
"3L_12801916_SNP","T","G","T","0.2296","45","151","5.601","9.587105170357771E-6","FBgn0262714","Sap130","INTRON","FBgn0052110","CG32110","NON_SYNONYMOUS_CODING"
"3L_11275980_SNP","A","G","G","0.06122","12","184","-9.814","9.612616176848151E-6","> 1 kb from gene","> 1 kb from gene","> 1 kb from gene","","",""
"3L_9132751_INS","ACTGTCCAGTTTTA","A","A","0.09137000000000001","18","179","-8.154999999999999","9.642345614244819E-6","FBgn0263456","nwk","INTRON","","",""
"2R_2788562_SNP","C","T","T","0.05291","10","179","-10.66","9.86747190625809E-6","FBgn0050158","CG30158","INTRON","","",""
"3L_7474330_SNP","C","G","G","0.06122","12","184","-9.851000000000001","9.877079826173429E-6","> 1 kb from gene","> 1 kb from gene","> 1 kb from gene","","",""
"3L_13120496_SNP","C","T","T","0.3723","70","118","4.958","9.912963519855901E-6","> 1 kb from gene","> 1 kb from gene","> 1 kb from gene","","",""
"2R_6131934_SNP","C","T","T","0.07811999999999999","15","177","-8.843","9.97447216019279E-6","FBgn0005619","Hdc","SYNONYMOUS_CODING","","",""
